{"batch_size": 32, "buckets_number": 10, "context_dropout": 0.2, "conv_layers": 3, "dense_output_units": 64, "dropout": 0.2, "early_stopping": 10, "embeddings_size": 32, "filters_number": [[192, 192, 192]], "lstm_units": 64, "min_morpheme_count": 2, "min_relative_ngram_count": 0.1, "model_files": ["/Users/k.nosorev/projects/NeuralMorphemeSegmentation/models/morph_config_1-data-1.hdf5", "/Users/k.nosorev/projects/NeuralMorphemeSegmentation/models/morph_config_1-data-2.hdf5", "/Users/k.nosorev/projects/NeuralMorphemeSegmentation/models/morph_config_1-data-3.hdf5"], "models_number": 3, "morpheme_counts_": {"root": {"\u043a\u043e\u0437": 1.0, "\u0434\u0443\u0431": 1.0, "\u0432\u0435\u0441\u0435\u043b": 1.0, "\u0432\u043e\u0434": 0.5454545454545454, "\u0431\u0443\u043a": 1.0, "\u0432\u0435\u0441\u043d": 0.7, "\u0441\u043f\u043e\u0440\u0442": 1.0, "\u0434\u0432\u043e\u0440": 1.0, "\u0437\u0432\u0435\u0437\u0434": 0.8888888888888888, "\u043c\u043e\u043b\u043e\u0434": 1.0, "\u0437\u0435\u0440\u043d": 1.0, "\u0433\u043e\u043b\u043e\u0441": 0.9090909090909091, "\u0434\u043e\u0440\u043e\u0433": 1.0, "\u0431\u0440\u0430\u0442": 1.0, "\u043c\u0435\u0434": 1.0, "\u0433\u0440\u0443\u0437": 1.0, "\u043a\u043e\u043b": 0.32, "\u0445\u043e\u043b\u043e\u0434": 1.0, "\u0433\u0440\u0430\u0447": 1.0, "\u0440\u043e\u0434": 0.5714285714285714, "\u0441\u0442\u043e\u043b": 1.0, "\u043d\u043e\u0441": 0.7058823529411765, "\u0437\u0432\u0435\u0440": 1.0, "\u0437\u0432\u043e\u043d": 1.0, "\u0445\u043e\u0434": 0.8666666666666667, "\u0441\u0443\u0434": 1.0, "\u0437\u0435\u043c\u043b": 1.0, "\u0433\u043e\u043b\u043e\u0434": 1.0, "\u043b\u0451\u0442": 0.9, "\u0440\u0435\u0447": 1.0, "\u043a\u0440\u0430\u0441": 1.0, "\u0440\u0430\u0434": 0.9090909090909091, "\u043b\u0435\u0441": 0.9473684210526315, "\u0440\u0430\u0431": 0.8571428571428571, "\u0437\u0443\u0431\u0440": 1.0, "\u0434\u043e\u043c": 1.0, "\u0440\u0430\u043d": 0.8571428571428571, "\u043a\u043e\u0440\u043c": 1.0, "\u0438\u0433\u0440": 1.0, "\u0445\u043b\u0435\u0431": 1.0, "\u0446\u0432\u0435\u0442": 1.0, "\u043c\u043e\u0440\u043e\u0437": 1.0, "\u043b\u0438\u0441\u0442": 1.0, "\u0442\u0440\u0435\u043d": 1.0, "\u0441\u043e\u043b": 0.6086956521739131, "\u043a\u043e\u043d": 0.9411764705882353, "\u043b\u043e\u0441": 0.4782608695652174, "\u0443\u0448": 0.26666666666666666, "\u043a\u043e\u043b\u044c\u0446": 1.0, "\u0437\u0438\u043c": 1.0, "\u0434\u043e\u0431\u0440": 1.0, "\u043a\u0430\u043c": 1.0, "\u0441\u043d\u0435\u0433": 1.0, "\u043b\u0435\u0434": 0.8461538461538461, "\u0432\u043e\u0440\u043e\u043d": 1.0, "\u0431\u0435\u043b": 1.0, "\u0433\u043e\u0440": 1.0, "\u0431\u043e\u043b": 0.9333333333333333, "\u043a\u043e\u0436": 1.0, "\u043a\u0443\u0440": 1.0, "\u0441\u043b\u043e\u0432": 1.0, "\u043f\u043e\u0431\u0435\u0434": 1.0, "\u0434\u0440\u0443\u0436": 1.0, "\u0441\u043e\u043b\u043d\u0446": 1.0, "\u0441\u0430\u0434": 1.0, "\u0442\u0440\u0430\u0432": 1.0, "\u0433\u0443\u0441": 1.0, "\u0440\u0430\u043a": 1.0, "\u043e\u0432\u043e\u0449": 1.0, "\u0431\u0435\u0440\u0451\u0437": 1.0, "\u0432\u043e\u0440\u043e\u0431": 1.0, "\u043a\u0443\u043f": 1.0, "\u043a\u0430\u0440\u0442": 1.0, "\u0441\u0442\u0440\u043e\u0439": 0.9, "\u0436\u0430\u0440": 1.0, "\u0433\u043e\u043b\u043e\u0432": 1.0, "\u043a\u0440\u0443\u0433": 1.0, "\u0431\u043e\u0439": 1.0}, "suff": {"\u043e\u043f\u0430\u0434": 1.0, "\u0432\u0435\u043d\u043d\u044b\u0439": 0.5, "\u043e\u0432\u044b\u0439": 0.5454545454545454, "\u0438\u0441\u0442\u044b\u0439": 0.6666666666666666, "\u0438\u0442\u044c": 0.85, "\u043e\u0432\u0430\u0442\u043e": 0.6666666666666666, "\u0441\u043a\u0438\u0439": 0.4, "\u043d\u044b\u0439": 0.2, "\u0435\u0446": 0.2857142857142857, "\u0438\u043b\u044c\u043d\u044b\u0439": 1.0, "\u043e\u043a": 0.3541666666666667, "\u043e\u0441\u0442\u044c": 0.5, "\u0438\u043a": 0.11594202898550725, "\u0441\u043a\u0438": 0.16666666666666666, "\u043e\u043e\u0431\u0440\u0430\u0437\u043d\u044b\u0439": 1.0, "\u0438\u043c\u044b\u0439": 0.6666666666666666, "\u0435\u043d\u0438\u0435": 0.29411764705882354, "\u044c\u0435": 0.8, "\u043d\u0438\u043a": 0.45714285714285713, "\u0438\u043d\u043a\u0430": 1.0, "\u0438\u0448\u043a\u043e": 1.0, "\u043e\u0437\u0430\u0433\u043e\u0442\u043e\u0432\u043a\u0430": 1.0, "\u0451\u043d\u043e\u043a": 0.6666666666666666, "\u0438\u0449\u0435": 0.6923076923076923, "\u044c\u0448\u0435": 1.0, "\u0451\u0436\u043a\u0430": 1.0, "\u043e\u0432\u043e\u0439": 1.0, "\u0438\u0446\u0430": 0.22727272727272727, "\u043e\u0447\u043d\u044b\u0439": 0.2857142857142857, "\u0430\u0442\u044c\u0441\u044f": 0.3333333333333333, "\u0443\u0448\u043a\u0430": 0.6666666666666666, "\u043e\u0442\u0435\u043a\u0430": 1.0, "\u043d\u0438\u0439": 0.75, "\u043a\u0430": 0.19858156028368795, "\u0438\u043d\u044b\u0439": 0.8333333333333334, "\u0435\u043e\u0431\u0440\u0430\u0437\u043d\u044b\u0439": 1.0, "\u043e\u0441\u0442\u043e\u0439\u043a\u0438\u0439": 1.0, "\u0447\u0438\u043a": 0.3333333333333333, "\u0438\u0440\u043e\u0432\u0430\u043d\u043d\u044b\u0439": 1.0, "\u0435\u0442\u044c": 0.7777777777777778, "\u044f\u0447\u043a\u0430": 1.0, "\u043e\u0432\u043a\u0430": 0.42857142857142855, "\u0435\u043d\u043d\u044b\u0439": 0.25, "\u043e\u0442\u043a\u0430": 0.6666666666666666, "\u0438\u043d\u0430": 0.5714285714285714, "\u0438\u0440\u043e\u0432\u0430\u0442\u044c\u0441\u044f": 1.0, "\u043d\u0438\u0446\u0430": 0.38461538461538464, "\u043e\u0432\u043e\u0434": 0.5714285714285714, "\u043e\u0443\u0431\u043e\u0440\u043e\u0447\u043d\u044b\u0439": 1.0, "\u0435\u0444\u0435\u0440\u043c\u0430": 1.0, "\u043e\u0435\u0434": 0.6666666666666666, "\u0430\u0442\u044c": 0.19047619047619047, "\u0438\u0445\u0430": 0.6666666666666666, "\u043e\u0432\u0438\u043a": 1.0, "\u043e\u0440\u0443\u0431": 1.0, "\u043e\u0447\u0435\u043a": 0.5555555555555556, "\u043e\u0432\u043d\u0438\u043a": 1.0, "\u0441\u0442\u0432\u043e": 0.2, "\u0438\u0442\u0435\u043b\u044c": 0.42857142857142855, "\u043e\u043d\u043a\u0430": 0.6666666666666666, "\u0430\u043d\u043a\u0430": 0.6666666666666666, "\u043e\u043d\u044c\u043a\u0430": 0.75, "\u043e\u043d\u0435\u0446": 1.0, "\u044b\u0448": 0.42857142857142855, "\u0438\u0442\u044c\u0441\u044f": 0.6666666666666666, "\u0438\u0435": 0.12195121951219512, "\u0435\u0432\u043e\u0434": 0.4, "\u0438\u043b\u044c\u043d\u0438\u043a": 1.0, "\u044c\u043d\u044b\u0439": 0.2222222222222222, "\u043e\u0440\u0435\u0437": 0.6666666666666666, "\u0435\u043d\u044b\u0439": 1.0, "\u043d\u044f\u043a": 1.0, "\u043e\u0432\u0430\u0442\u044c": 0.4, "\u0435\u0432\u043e\u0439": 1.0, "\u0435\u043d\u044c\u043a\u0438\u0439": 0.6666666666666666, "\u043f\u043b\u043e\u0449\u0430\u0434\u043a\u0430": 1.0, "\u0443\u044e\u0449\u0438\u0439": 0.6666666666666666, "\u0435\u0446\u043a\u0438\u0439": 1.0, "\u044f\u043d\u043a\u0430": 1.0, "\u043e\u0432\u043b\u0430\u0434\u0435\u043b\u0435\u0446": 1.0, "\u0438\u043d\u0443\u0448\u043a\u0430": 1.0, "\u0438\u043b\u044c\u0449\u0438\u043a": 1.0, "\u044f\u043d\u0438\u043d": 1.0, "\u0430\u043d\u0438\u0435": 0.36363636363636365, "\u043e\u0432\u043b\u0430\u0434\u0435\u043d\u0438\u0435": 1.0, "\u0451\u043d\u043e\u0447\u0435\u043a": 1.0, "\u043e\u0432\u043e\u0434\u0441\u0442\u0432\u043e": 1.0, "\u043e\u0442\u0430": 0.4, "\u044c\u0451": 0.75, "\u044b\u043d\u044f": 1.0, "\u0435\u0432\u0430\u0442\u044c": 1.0, "\u044f\u0442\u0430": 0.6, "\u0430\u0440\u044c": 0.5, "\u043e\u0447\u043a\u0430": 0.7142857142857143, "\u044f\u043d\u043e\u0439": 1.0, "\u044f\u0442\u0438\u043d\u0430": 0.6666666666666666, "\u043e\u0432\u0430\u0442\u044c\u0441\u044f": 0.5, "\u0446\u043e\u0432\u044b\u0439": 1.0, "\u0435\u0441\u0442\u043e\u044f\u043d\u0438\u0435": 1.0, "\u0438\u043b\u043a\u0430": 0.5, "\u043d\u044f": 0.1111111111111111, "\u0435\u0432\u043e\u0434\u0441\u0442\u0432\u043e": 1.0, "\u0438\u0432\u044b\u0439": 0.5, "\u0438\u043b\u043e": 1.0, "\u0438\u0448\u043a\u0430": 0.6666666666666666, "\u0449\u0438\u043a": 0.25, "\u043d\u043e\u0439": 0.5, "\u0438\u0449\u0430": 1.0, "\u0435\u0432\u0430\u043d\u0438\u0435": 1.0, "\u0430\u044e\u0449\u0438\u0439": 1.0,